ID,FIRSTNAME,LASTNAME,EMAIL,COUNTRY,DATEOFBIRTH
2,Rafaelita,Willmer,rafaelita.willmer@gmail.com,Greece,1970-07-29
4,Roselin,Soppeth,roselin.soppeth@gmail.com,Poland,1975-02-26
1,Hartwell,Vogel,hartwell.vogel@gmail.com,Germany,1984-11-12
7,Biron,Casterton,biron.casterton@gmail.com,United States,1988-05-23
8,Junette,Gable,junette.gable@gmail.com,Hungary,2004-11-06
9,Pavel,Herche,pavel.herche@gmail.com,South Korea,1972-01-24
10,Vicki,Hainey,vicki.hainey@gmail.com,Spain,1979-12-30
13,Milt,La Padula,milt.la padula@gmail.com,United States,2004-08-20
12,Bebe,Oldall,bebe.oldall@gmail.com,France,1980-04-04
6,Kevon,Jedras,kevon.jedras@gmail.com,Spain,1995-04-10
14,Lotta,Kelleway,lotta.kelleway@gmail.com,Netherlands,1999-07-11
15,Hans,Poynter,hans.poynter@gmail.com,Ukraine,1992-02-06
11,Hakan,Demir,clemence.ventum@gmail.com,Turkey,2001-11-24
16,Gerek,Buckthorp,gerek.buckthorp@gmail.com,Bosnia and Herzegovina,1998-05-29
5,Shae,Ickovicz,shae.ickovicz@gmail.com,France,1977-06-01
19,Alena,Dumphy,alena.dumphy@gmail.com,Colombia,1971-08-24
3,Lynna,Dalziel,lynna.dalziel@gmail.com,Japan,1980-10-30
18,Darrelle,Mauvin,darrelle.mauvin@gmail.com,Pakistan,1975-09-21
22,Merilee,Lidington,merilee.lidington@gmail.com,Denmark,1996-08-13
21,Jaquenette,Clohissy,jaquenette.clohissy@gmail.com,Greece,1975-02-02
20,Teodoro,Pyford,teodoro.pyford@gmail.com,Sweden,1985-03-13
24,Jobi,Almeida,jobi.almeida@gmail.com,Argentina,1980-04-28
25,Raphael,Raggatt,raphael.raggatt@gmail.com,Spain,1966-07-01
23,Sidnee,Johnstone,sidnee.johnstone@gmail.com,South Korea,1988-08-12
26,Mycah,Keesman,mycah.keesman@gmail.com,Mexico,1970-03-04
27,Neron,Vandenhoff,neron.vandenhoff@gmail.com,Poland,1994-11-28
28,Irene,Dendle,irene.dendle@gmail.com,Germany,1974-12-13
31,Agnesse,Tolworth,agnesse.tolworth@gmail.com,Estonia,1976-12-12
34,Ara,Hachard,ara.hachard@gmail.com,Sweden,2002-12-04
29,Ambros,Hatherley,ambros.hatherley@gmail.com,Sweden,1981-12-06
35,Mehmet,Kara,pepi.heers@gmail.com,Turkey,1978-08-20
33,Katine,Collomosse,katine.collomosse@gmail.com,Hungary,1998-06-11
36,Scarlett,Henden,scarlett.henden@gmail.com,United States,2002-02-21
39,Cloris,Rawes,cloris.rawes@gmail.com,Austria,1986-05-02
40,Zorana,Jarratt,zorana.jarratt@gmail.com,Italy,1999-11-17
32,Neilla,Mash,neilla.mash@gmail.com,Japan,2002-02-14
41,Thomasa,Bealing,thomasa.bealing@gmail.com,United States,1977-01-28
42,Delmor,Fleury,delmor.fleury@gmail.com,Greece,1968-06-15
37,Ann-marie,Bonar,ann-marie.bonar@gmail.com,Ukraine,1981-11-06
38,Ingelbert,Fraczkiewicz,ingelbert.fraczkiewicz@gmail.com,Greece,2004-05-26
43,Althea,Caesar,althea.caesar@gmail.com,Poland,1997-09-25
17,Kala,Porson,kala.porson@gmail.com,Mexico,1997-12-19
45,Roderick,Edis,roderick.edis@gmail.com,Finland,1971-12-07
44,Zedekiah,Punch,zedekiah.punch@gmail.com,Sweden,1972-03-26
46,Karia,Wardley,karia.wardley@gmail.com,United States,1984-04-22
47,Hayley,Boissier,hayley.boissier@gmail.com,United States,1979-03-16
49,Fania,Cordaroy,fania.cordaroy@gmail.com,Senegal,1976-03-23
48,Joey,Palister,joey.palister@gmail.com,Ukraine,2002-07-08
50,Byron,Ruby,byron.ruby@gmail.com,United States,1968-04-21
51,Selby,MacDermott,selby.macdermott@gmail.com,Japan,1965-03-14
54,Norah,Poolman,norah.poolman@gmail.com,Greece,1974-04-27
55,Claire,Winstone,claire.winstone@gmail.com,Sweden,1969-03-21
56,Anatole,Gouley,anatole.gouley@gmail.com,Netherlands,1965-02-18
57,Filbert,Coyle,filbert.coyle@gmail.com,Spain,1996-09-28
59,Traver,Rieme,traver.rieme@gmail.com,Bosnia and Herzegovina,1985-11-27
61,Orsa,Gullis,orsa.gullis@gmail.com,United States,1979-06-01
52,Nelli,Lafay,nelli.lafay@gmail.com,Sweden,1979-07-12
60,Ginnifer,Waleran,ginnifer.waleran@gmail.com,France,1992-02-18
62,Aarika,Robez,aarika.robez@gmail.com,Turkey,1981-04-02
63,Lyda,Pehrsson,lyda.pehrsson@gmail.com,Japan,1977-05-24
64,Silvan,Cheley,silvan.cheley@gmail.com,South Korea,1993-01-19
65,Annabel,Prest,annabel.prest@gmail.com,United States,1998-12-08
58,Katherine,Polleye,katherine.polleye@gmail.com,United States,1997-08-25
66,Miguel,Nias,miguel.nias@gmail.com,Netherlands,1984-04-29
67,Johnny,Rosenfarb,johnny.rosenfarb@gmail.com,France,1967-11-26
68,Kendrick,Crackett,kendrick.crackett@gmail.com,Colombia,1967-01-16
69,Bellanca,Hovard,bellanca.hovard@gmail.com,France,1983-09-25
70,Clair,Mottershead,clair.mottershead@gmail.com,Argentina,1973-02-02
71,Jazmin,Haster,jazmin.haster@gmail.com,Ukraine,1972-06-20
72,Tulley,Fairest,tulley.fairest@gmail.com,Finland,2003-06-03
73,Jermaine,Robarts,jermaine.robarts@gmail.com,United States,1968-06-09
74,Caril,Dunkersley,caril.dunkersley@gmail.com,Poland,1973-04-16
53,Glynis,Almond,glynis.almond@gmail.com,Japan,1981-04-03
75,Carmita,Duplock,carmita.duplock@gmail.com,Mexico,1998-02-09
76,Leonerd,MacElholm,leonerd.macelholm@gmail.com,Netherlands,1971-01-23
77,Dru,O'Henehan,dru.o'henehan@gmail.com,Sweden,1993-04-02
78,Jessi,Horlock,jessi.horlock@gmail.com,Spain,1987-06-24
79,Mignon,Dodding,mignon.dodding@gmail.com,Netherlands,1992-08-13
82,Felicia,Jewess,felicia.jewess@gmail.com,Poland,1989-07-23
30,Trula,Robardet,trula.robardet@gmail.com,France,1991-08-30
80,Pryce,Tunnadine,pryce.tunnadine@gmail.com,Sweden,2002-10-19
84,Vivi,Breakey,vivi.breakey@gmail.com,Argentina,1991-10-28
81,Ferris,McGahey,ferris.mcgahey@gmail.com,Colombia,1997-05-20
85,Margareta,Dach,margareta.dach@gmail.com,Poland,1994-04-30
83,Dirk,Garrie,dirk.garrie@gmail.com,Netherlands,1991-03-30
87,Tilda,Catto,tilda.catto@gmail.com,Spain,1991-12-28
86,Corilla,Harteley,corilla.harteley@gmail.com,Argentina,1977-07-27
89,Codie,Tierny,codie.tierny@gmail.com,Finland,1983-04-09
88,Woody,Dowson,woody.dowson@gmail.com,United Kingdom,1983-08-23
91,Thain,Egarr,thain.egarr@gmail.com,Poland,1982-06-29
93,Jill,Dobrovolski,jill.dobrovolski@gmail.com,Finland,2001-08-04
94,Janela,Makinson,janela.makinson@gmail.com,Spain,1979-09-01
95,Dayle,Moneypenny,dayle.moneypenny@gmail.com,Sweden,1979-07-12
96,Marillin,Kivelhan,marillin.kivelhan@gmail.com,Netherlands,1969-08-15
97,Valerie,McAlinden,valerie.mcalinden@gmail.com,Ukraine,1999-11-08
98,Murial,Finney,murial.finney@gmail.com,Norway,1992-04-05
99,Theresita,Tiler,theresita.tiler@gmail.com,Sweden,1995-08-05
100,Carree,Leathlay,carree.leathlay@gmail.com,Netherlands,2003-12-22
90,Kathrine,Thormwell,kathrine.thormwell@gmail.com,Ukraine,1982-08-16
92,Caz,Espinha,caz.espinha@gmail.com,Argentina,1988-04-11
